{
    "pathwayTitle": "Docker Security",
    "title": "Use No New Priviledges flag to restrict additional access",
    "description": "Learn how to restrict applications with correct flags gaining root access",
    "difficulty": "beginner",
    "time": "10-15 minutes",
    "details": {
        "steps": [
            {
                "title": "Step 1",
                "text": "step1.md"
            },
            {
                "title": "Step 2",
                "text": "step2.md"
            },
            {
                "title": "Step 3",
                "text": "step3.md"
            }
        ],
        "intro": {
            "text": "intro.md",
            "courseData": "courseBase.sh",
            "credits": ""
        },
        "finish": {
            "text": "finish.md"
        }
    },
    "environment": {
        "uilayout": "terminal",
        "uimessage1": "\u001b[32mYour Interactive Bash Terminal.\u001b[m\r\n"
    },
    "backend": {
      "imageid": "docker-direct"
    }
}
